{
    "name": "TheVillainTerminal",
    "slug": "TheVillainTerminal",
    "alias": "thevillainterrminal",
    "description": "Web-based terminal interface for VantaPress - Execute commands without SSH access",
    "keywords": [
        "terminal",
        "cli",
        "artisan",
        "web-terminal",
        "migrations"
    ],
    "version": "1.0.0",
    "author": "VantaPress",
    "active": true,
    "priority": 100,
    "service_provider": "Modules\\TheVillainTerminal\\TheVillainTerminalServiceProvider",
    "provides": {
        "filament_pages": [
            "Modules\\TheVillainTerminal\\Filament\\Pages\\VillainTerminal"
        ]
    },
    "aliases": [],
    "files": [],
    "requires": []
}